"V1","V2","V3","V4","V5","V6","V7","V8","V9","V10","V11","V12","V13","V14","V15","V16","V17","V18","V19","V20","V21","V22","V23","V24","V25","V26","V27","V28","V29","V30","V31","V32","V33","V34","V35","V36","V37","V38","V39","V40","V41","V42","V43","V44","V45","V46","V47","V48","V49","V50","V51","V52","V53"
36.390663548434,51.0330736832416,66.6195267279806,86.4267678879421,112.069291792813,145.392276531412,188.220798864048,243.066710980897,313.953870514731,404.92511411177,521.192942669761,669.075444508059,856.001089182765,1090.511409041,1381.92173354692,1739.54934779902,2171.98858264765,2682.29919466798,3270.04989841688,3924.71528128367,4624.38330434073,5332.8026872186,6000.9680260953,6572.87048109041,6992.32760238413,7214.46009286422,7218.34645279383,7007.18309980022,6605.72012641104,6061.91100235919,5428.38276267087,4756.12495421099,4088.96188793656,3458.92714656288,2886.18963112361,2381.13633617306,1946.28246389054,1578.49744133534,1272.42166932155,1020.46557487601,815.374721067939,649.662641633134,516.234003252829,408.819095438543,323.565630890837,255.686601458639,201.849251801921,159.262880879165,125.600568512167,98.994395810029,77.9989724318724,61.4295055161415,48.350398406976
10.4219950787844,14.7648148580968,19.5006121278271,25.6558893229891,33.7361799248153,44.3795249527934,58.3407917256784,76.87626151614,101.336899564884,133.139957985102,174.764383293265,229.271679117195,300.436923890643,392.963708675073,512.623196041275,666.461813191704,863.851354205069,1114.55004555886,1429.2769636748,1818.80196381895,2292.30857213745,2854.59885643206,3501.03255987282,4216.89781095577,4970.10756903324,5712.28375473695,6382.03514682195,6911.76469925705,7242.32843253786,7333.91375884824,7181.84412405139,6808.2283878981,6261.20321708662,5601.78865748052,4891.0829514525,4181.84795193124,3511.46139383543,2904.50675111475,2372.87278059384,1918.94960391161,1539.47319197059,1227.18017976673,972.566652248712,767.063393864357,604.339153524327,474.124263559775,371.316659230786,290.436215419966,226.882391465597,177.101036989505,138.055825943332,107.452216857336,83.660494112624
41.2052764993449,59.5535834155073,80.4633809219881,108.111387752149,145.16722845772,194.963327505407,261.477173400061,349.640014564765,467.423096960001,623.661955736032,830.036805374343,1100.95498797891,1453.17236798733,1906.56790974691,2481.39999691329,3196.36340321888,4064.64114558275,5083.1002719439,6227.80280934315,7444.71589945784,8645.22156350166,9714.08201376358,10526.0721805287,10977.1977523664,11007.8504933584,10623.9012215263,9887.58476417008,8901.28664043294,7780.08006759192,6629.10629428044,5526.71461094891,4525.92218273323,3652.17300526905,2912.54322230719,2300.84447370922,1804.11510323637,1406.38136754628,1091.65598448467,844.479747457,650.94758395449,500.254855884308,384.703298630402,295.085482315817,226.177792250949,173.224794649351,132.652293518579,101.537853834851,77.7018031309545,59.443833465455,45.4189441927418,34.6580002406808,26.4877423093443,20.3545158718878
82.3663047116611,114.395712555924,147.447617050063,188.932375817847,241.852744797368,309.411198636203,394.876286254602,503.454132407914,640.58589677704,813.505742388877,1028.60541532146,1296.212244765,1624.7761245826,2024.00766023688,2501.14819391833,3060.59576677469,3701.8056643548,4413.84896745236,5175.69612346248,5951.9438585923,6696.56917888219,7352.42830885341,7863.22578827707,8178.75131745867,8268.34210904144,8126.24874776203,7771.11155973556,7241.96925445822,6589.8959270708,5869.58724627222,5130.16282601756,4409.70423248262,3737.63554350001,3130.40154988893,2595.55841098967,2134.61652997134,1743.86372773896,1416.27784298182,1145.33556663347,922.884407790113,741.540076715189,594.56089993335,475.802867601396,379.852894804452,302.568546266088,241.051463617184,192.280637982072,153.092241847536,121.838731193637,96.9611867970907,77.1911850133672,61.3747729122522,48.6389016667467
15.7168322369576,22.6862043516118,30.5043388542571,40.8037312723741,54.5543335434754,72.9838907061046,97.9294913760552,130.497631440868,173.848100945745,231.238314578991,308.061383916348,409.333576481324,542.117807498291,715.877160731115,941.840634241884,1229.49349156602,1593.87496513609,2046.48095252111,2595.27272953841,3240.08057386679,3967.75126293647,4746.86645992352,5525.68447158122,6233.98416806169,6793.30713681649,7134.83517835652,7215.19102672564,7027.90774772685,6604.73185489274,6004.89147439577,5299.7781804158,4557.68261975968,3834.22676526484,3165.6845690272,2574.31897892799,2067.62904686648,1644.22238578221,1297.21629483923,1017.08605317343,793.773109565277,617.294161125074,478.312129603768,369.318840079728,284.954540875956,219.918386726221,169.2233115084,130.191390016514,100.062065757109,76.8194092180948,59.0358416433013,45.4906239643597,35.0398583186597,26.7493075718927
97.9882153032804,136.161359362739,175.706836000557,225.355566520327,288.725076076864,369.431908989329,471.763587865505,601.439424663367,764.84440233442,969.794491701126,1224.77393120472,1539.09712299111,1921.91341958051,2381.94779542661,2923.99422415227,3547.5841657611,4245.13641092306,4996.31425717845,5768.51352529702,6515.93674310766,7183.07532655405,7711.41890458037,8050.93272319357,8168.44209591023,8052.24016131731,7720.3827855824,7210.0608555014,6571.82625310646,5859.97504187676,5125.32758329085,4408.26548505709,3735.96545170954,3128.1307896587,2592.61980464517,2130.5974492429,1739.18711609279,1411.94582787473,1140.2998356789,917.686699168461,736.317937253956,589.560367072821,471.132376483416,375.951891789609,299.574083517627,238.350739797784,189.481824404966,150.73401747376,120.018801108962,95.1959025783625,75.5208382918448,59.9262080664117,47.563915949112,37.7047346106873
16.8667348990408,24.970930567613,34.5571142418877,47.6050783678374,65.5403275513336,90.2914589201903,124.386753252144,171.196050149289,234.787205218216,321.695360306589,440.342587276446,600.896855737181,817.962623863776,1108.59323674997,1493.68736547934,1996.76658953515,2640.87629924569,3444.0849634022,4412.05013826091,5526.24642117391,6731.25188598878,7931.75957590177,8995.5976375609,9778.39240637907,10166.8977055023,10100.9189788918,9605.37582000803,8769.06110476417,7717.76680454512,6580.08424814754,5461.84229103424,4433.31444226506,3534.90259038299,2778.35678451186,2159.31257689421,1663.5876196167,1273.00880027498,969.180695281507,735.14303326822,555.805794340785,418.937582019448,315.469093150491,237.995608557071,179.182682461469,134.375744623474,100.570309775228,75.3194541904095,56.4643744376016,42.319256186127,31.6252237753448,23.6176854402022,17.7802022095077,13.4621055892328
89.9441109652115,126.245205999748,164.860145297886,214.010961786127,277.545794741598,359.742427326546,465.440731766894,600.082778680463,772.444633454076,991.64538900159,1267.96938496662,1612.95471371302,2039.05420999453,2556.72065823739,3174.15429899059,3892.69338856095,4702.47124119005,5580.34532143703,6484.71965745165,7356.29007197921,8125.82142092891,8716.6894969595,9068.76559445182,9144.28748645283,8938.70522875799,8480.25837358627,7823.68800989037,7036.73552595976,6186.44516541779,5332.98616080248,4519.41782381393,3775.38024988802,3116.38761909032,2547.11491920835,2065.42934130914,1664.09460140436,1333.23058669077,1063.81447842628,845.969194350605,671.055824844608,531.183477500112,419.793162802052,331.18125899547,260.881371018939,205.462130863146,162.062937842178,127.70477488169,100.186109711908,78.7073598914159,61.818061001646,48.5899200579011,38.1390146913198,29.9722299037304
33.8601016663414,46.930106818537,60.453310986421,77.363562910705,98.9524140612239,126.644920533609,161.824489477579,206.217389785975,262.992636401259,335.060882395889,426.312336129937,541.434933259439,686.054272293568,866.789770591168,1091.52409787831,1368.55875978682,1706.430190979,2112.78480513772,2593.65573227673,3150.81490408773,3779.97706793374,4468.29490795433,5191.30527702561,5911.31443397777,6582.20178454775,7151.39378736215,7567.1734292438,7790.68223712449,7801.03757703889,7600.2919414476,7211.96389461774,6676.24299976873,6042.47214424619,5359.42473640809,4668.0982693491,4004.19964880466,3389.45642437801,2837.00568553162,2352.7130929982,1936.25069977819,1582.96299388921,1287.49159671212,1042.80868408687,841.800585530966,677.66288447573,544.382785252301,436.590241381915,349.475953800379,279.186246443824,222.886622923928,178.432186379941,142.545674856359,113.439182110976
14.8794459154229,21.8493707501462,29.9798423847624,40.9619457395897,55.9479261187995,76.4778676980814,104.542251413239,142.778805539676,194.254498032286,263.573074520006,358.823941209171,486.724838011333,658.180204125677,886.614323730323,1188.06790958274,1580.88743886018,2084.205490628,2714.5763866155,3480.79012686493,4376.09465841283,5368.40762056755,6394.30806158094,7359.13557173525,8147.89207214662,8651.9301398323,8799.33432839906,8573.39924957192,8019.04552387476,7225.32766119368,6297.24474908698,5333.38991900316,4409.98002195124,3574.25344226194,2850.99947644978,2245.12720928545,1750.34827451467,1353.86095042898,1040.84081897078,796.442053655374,607.246173120821,461.735167948163,350.415375246007,265.4462296852,200.454161546311,151.389259828434,114.583655802755,86.5474584771898,65.3742563030194,49.4041425454645,37.3777036621295,28.2002691849534,21.12551348581,15.9011473537582
54.663373304558,74.5238986580296,94.2533397533799,118.395549357515,148.554431385554,186.207346646516,233.066957259391,291.661687033446,364.798786223899,455.257911284557,566.746810230024,703.639210725958,870.831039953963,1073.41700737585,1316.6432862043,1605.63936670648,1944.34588116868,2333.76010888852,2771.7224735581,3252.48670037903,3762.69894072802,4282.16498974832,4785.10176250017,5240.88671703166,5614.5786612431,5877.60185246376,6007.75953898566,5994.61167065412,5841.22211526234,5563.10221411633,5185.18230930158,4737.54218896071,4251.69236337907,3755.46720862605,3269.43845895162,2811.79242608281,2393.04749121513,2018.39910336583,1689.7653218887,1406.0587452798,1163.73602640504,958.708696229306,787.560102093928,644.600124362119,526.474038383373,429.156363295708,349.172744683955,283.787353608805,230.621403137917,187.312295124543,151.614469516878,122.973676619613,99.5053588015668
45.7287324277757,65.2315201063352,86.8388659322304,114.927386339509,152.014475970175,201.127815332702,265.608178569188,349.796110123417,460.681714721491,605.581277027162,793.746144466814,1037.0649742499,1349.10138546211,1745.16654789533,2241.13307899637,2851.18943052847,3584.90330159275,4442.37421639777,5407.148337003,6441.09717217531,7482.10845538632,8444.55837886674,9231.31140276331,9752.72810695675,9945.58495128212,9790.38880202602,9313.92072312566,8582.4534457883,7682.20637843576,6701.87032865325,5718.67352177829,4788.07749705955,3945.83945045059,3210.4677587702,2584.610334174,2063.24414474661,1635.94903336825,1290.19192500029,1013.21588815499,793.109009927509,619.293060561091,482.421313162869,374.72343076868,290.933851045476,226.122576589584,175.410691518918,136.049163516336,105.573530697751,81.7891801451364,63.4347257333627,48.9405714309934,37.8665870077572,29.2673212081205
129.538272317257,178.365938781,227.85402235455,289.238459458135,366.782186552339,464.588630590568,587.297945607793,741.392331542657,933.821695130911,1173.23063224903,1468.70481054291,1830.84871043614,2269.79647910546,2795.9588432324,3416.13982925486,4132.38860222799,4940.96608376024,5825.06971384239,6755.68754420892,7689.98413173317,8571.15258067602,9334.3114853963,9916.67388484682,10264.0798653881,10345.0342363731,10155.8018630091,9719.0486499304,9079.41587758181,8294.60977139831,7426.48468208214,6531.63034080216,5654.08533188887,4828.95999468555,4076.93656387716,3408.55795994513,2826.8867720261,2328.73415816124,1907.88314286966,1556.04281633086,1264.40377864992,1024.46829316203,828.195683228899,668.277532098339,538.032701957002,432.137778487046,346.845778962242,278.857707266182,223.831239081751,179.519078347514,143.97468379284,115.526083075266,92.6173687150116,74.0154585250452
12.9821429184164,19.089932250812,26.2563771313864,35.9617670369212,49.2702155851752,67.5869501529831,92.6087362196963,126.294331731757,172.619591167163,235.711887051769,321.366962048489,437.336018545659,593.534727345203,802.485634371828,1079.79812453859,1443.74243630047,1913.9377421101,2508.45043924399,3239.48674055634,4105.16395905601,5081.20093786258,6111.72591046987,7107.7041303261,7955.74358674602,8540.80822673515,8775.47894828259,8631.97467801028,8141.09623679345,7385.60146758106,6471.78338195485,5503.59976529546,4563.7099353066,3705.01788965925,2957.96461352507,2329.79522751007,1815.57686157424,1403.17892877404,1077.50163325349,823.554461955243,627.264352812861,476.061665863828,360.006184333021,272.234636953193,205.701605760567,155.188573247774,116.980001929247,88.1570596864527,66.4347115058235,50.0434575030816,37.6910521079019,28.3576944110176,21.299643486986,16.009954410485
27.9655819807893,39.5223819299991,52.0224771896666,68.0558008100182,88.971705429061,116.353629693466,151.971646453154,197.879306659481,257.770229560115,335.308533233267,435.143721092006,563.305483555978,726.848031788808,933.803791116789,1192.9944527953,1513.37633489981,1902.83815791441,2365.72194793519,2901.19391166918,3499.17889729196,4137.75786946993,4781.18987180232,5381.1028749941,5883.14624506837,6234.31496262647,6394.00398422933,6348.01206740748,6104.57083300499,5695.96804426913,5168.95080377451,4575.35479743071,3962.78973267395,3367.26572317832,2816.54597401528,2324.55029518013,1897.5525301715,1535.34134864954,1233.77036075664,985.378455305016,783.007089128108,620.120280229934,489.787295338351,385.966754641356,303.64441595623,238.561796625301,187.079437413486,146.432629286583,114.61442665879,90.041566734592,70.7747491625288,55.0841127244649,43.0078747664831,33.6086541745113
62.849062659185,84.9641814440011,106.420240941947,132.351925439464,164.414248273686,204.097617251285,253.156208349455,313.92800548453,389.179067864334,480.876712833045,592.488716802724,729.329993754526,895.381395104259,1095.8189435211,1335.64696146241,1620.05613264632,1953.19929106233,2338.26045348554,2775.67059163576,3262.31962366786,3791.64538908393,4347.47427293018,4908.17038289026,5448.32246697345,5936.58753082744,6340.08376108213,6628.75974708541,6780.43604686792,6784.09057947506,6640.37943331654,6363.74013023164,5977.44795735976,5510.50669399973,4993.65879419108,4456.1077203155,3922.52050750971,3411.36311534294,2936.10060438014,2505.15476433153,2120.7915716819,1783.93032548793,1492.51444218527,1243.05908746342,1030.99037687772,853.822235387312,704.05856391034,579.486173060108,476.217858605404,390.760318528493,320.049171716123,262.101063074911,214.501886909809,175.501256240335
54.1064029720064,74.8854271567786,96.3622380409128,123.168957407026,157.32136552248,200.8677710027,255.968509010242,325.499534361068,413.635830914249,524.577188374667,663.280582875112,836.0371702865,1049.17416632252,1309.73115181818,1624.16920357765,1997.6374081764,2433.88987079027,2928.94765067916,3474.68935470979,4053.37189441194,4638.05167533143,5191.93668443161,5673.41373278857,6041.04797924692,6258.09757050493,6306.26496751978,6181.90625641992,5900.66903857178,5492.44681591944,4995.55834258505,4450.26206122579,3891.84818188387,3349.18455286643,2843.00402877917,2385.41144608746,1981.78336408284,1633.38242545526,1337.61872823759,1089.05603437801,882.876956288641,713.194112784962,574.50446194548,461.845244164146,370.542719402858,296.568872177558,236.860140853748,189.235457871119,151.621278148209,121.058035690026,96.5206270709698,76.8405537874691,61.2223959936259,48.787416767306
135.847392627309,184.613094108717,232.404946704458,290.581217406795,362.924159988901,452.799766165855,563.894199883124,701.316171985019,870.514379650329,1078.08992649127,1330.90676141196,1636.99440221258,2004.18653529377,2440.14032727612,2950.683678551,3538.86647119875,4204.15285760542,4937.03997222444,5720.28414336342,6528.29046836776,7321.20863523101,8054.91408345576,8679.06358812661,9146.52401137612,9418.86290440199,9474.585456368,9310.52183163606,8944.62503612654,8411.24373887913,7752.54859534301,7015.53397502364,6244.84899755765,5478.48136496515,4745.33853016592,4065.39719244489,3450.45391557191,2905.18120192303,2429.69926115494,2021.07005511192,1673.03531667995,1379.64110781806,1134.16516016462,929.978448922033,761.010715470368,621.712454555358,506.993238358772,412.677775098905,335.664695590148,273.174215275229,221.977033009648,180.352023885237,146.450646101565,118.87629853019
78.2259900282712,106.043040124557,132.893076953689,165.464640821325,205.824943130764,255.928245272275,317.469283035432,393.60104268716,487.261182837621,602.123074760155,742.404731418503,912.678181475508,1117.86553689678,1363.41307650843,1654.96066934231,1995.75630530517,2388.57959065263,2833.36663661509,3325.86600048556,3855.77870253068,4407.77057522945,4958.47737955839,5479.2967747147,5938.87669528403,6304.18099064277,6545.75296873839,6646.63950847081,6599.21157390022,6409.18967079347,6093.98972222951,5679.73549510494,5197.22691345284,4676.80787090112,4145.37565753391,3626.41598913885,3135.93501958473,2685.0695274663,2279.53144599024,1921.40926147997,1609.73398104419,1341.82557162048,1113.75054236748,921.239283713238,759.928855676096,625.391039898138,513.420900905659,420.67871538935,344.584540786694,281.849712740547,230.275066083551,188.053395190623,153.45269712184,125.162483380336
75.8779316570638,104.373352588542,132.962777952124,168.34850333038,212.956396352907,269.285322511354,339.740912054485,428.383826205,539.321280846498,678.198115603037,849.588359112798,1062.03947832683,1322.35195419603,1639.11993558724,2019.89813485783,2471.29890368272,2998.36625987022,3599.88099368864,4269.32869065532,4990.38772391505,5735.25712251698,6467.7910586048,7141.45006995526,7702.91753536351,8108.51528235955,8319.6476506965,8319.12225105237,8109.7452020066,7714.43929543027,7171.1980668671,6526.07408185732,5827.29062169266,5115.27206490162,4424.41322344183,3778.22347840642,3191.51791284565,2671.0909646538,2218.85661197402,1831.83121542013,1503.72958461564,1229.14012853449,1001.18665253106,813.381467471475,659.284968988646,533.434891773337,430.837961824399,347.340053561887,279.774727992195,225.560195946015,181.908712750728,145.811734388211,117.25437665836,94.2367836450844
135.92832317421,186.412734998419,237.150852791923,299.718338873068,378.392462497787,477.330776303382,600.813501001142,754.781278592891,946.577425640378,1183.65492402823,1475.40898951371,1831.12948098593,2260.24585211576,2773.38569490661,3375.44571993893,4069.11842907977,4849.56340259296,5702.4668688947,6601.26392301,7505.28529653349,8362.67704818307,9114.13346475715,9697.68302477342,10063.2235569746,10179.2864159617,10037.0690428,9654.01060035631,9068.77420930476,8334.04933075952,7507.12022442206,6642.61288165543,5786.80325703333,4971.69379350496,4222.19418468152,3550.41118020124,2960.69668109842,2451.96682211801,2019.52349328946,1655.43713685682,1351.04802757954,1099.48369837663,892.532488587313,723.092041766664,584.830345669338,472.402958368784,381.117041500633,307.059414401925,247.118531898923,198.97519062705,160.558430882359,129.05627657455,103.61431601521,83.2484063639712
35.5979625714478,48.9682363953369,62.4973649144702,79.2190167479837,100.352829184219,127.198468927406,160.959435655394,203.078302921393,256.416308711716,323.404744625406,407.300017664452,511.9543018519,641.897783376676,802.365522368408,999.981954940423,1240.05349202964,1528.79914293401,1871.79026074385,2272.16972434965,2729.73455837572,3240.19095030961,3791.17779339521,4361.78040131618,4924.6749624333,5443.34112368474,5879.90144832034,6197.11864808093,6367.33592039802,6375.21637144851,6222.27217943872,5926.00630888429,5514.22106469474,5023.0996904863,4488.23885621689,3942.20427694859,3411.83096563814,2914.49434928054,2462.18859947669,2061.9698981309,1712.84451104243,1413.9598644964,1160.93576565477,949.304948276342,773.635849620427,628.192930400431,508.878921991759,411.585037637805,332.429153227474,268.248862424362,216.31191782868,174.204301942316,139.941795143589,112.332888999821
41.5427584695525,59.5562746595143,79.7460216828845,106.184833789313,141.337498970517,188.21518891429,250.100531585535,331.601428067398,439.741235855974,582.165976771425,768.820914196327,1012.49887754118,1328.29034208837,1733.68600575422,2248.10164436452,2891.03830017448,3678.19147551079,4615.67080116234,5695.62399624817,6885.56646815846,8122.70807181836,9315.77559586412,10346.8411210253,11100.265549731,11484.0423893247,11450.5246952153,11013.0878241032,10237.7447469597,9225.16771398715,8085.7806840673,6917.96360721296,5799.78026235464,4779.16430940598,3883.27766684423,3119.60074251267,2483.25693969244,1962.39269350382,1541.84368459172,1206.04577850321,939.845696231151,729.857375719498,565.907204911666,438.431924969407,339.066981295785,262.008135160047,202.349017214172,156.242111498078,120.489949305111,92.6300203747028,71.1015037007869,54.9226015689594,42.3974551762638,32.603514310708
29.3759552783349,41.6170666996381,54.8734105514154,71.9145553953553,94.202784926927,123.462607915749,161.571781915193,210.891513540921,275.448203009643,359.337205204336,467.939950175868,608.161412266238,788.242393342938,1018.09298806081,1309.13346985299,1673.79292924345,2124.71467508092,2672.94574854835,3323.08164756514,4073.00688148619,4907.30079643308,5792.81631056433,6677.39590952779,7492.20177333483,8160.33001781807,8609.86158805376,8788.89826816922,8682.26603821058,8306.70504121759,7711.40837118053,6963.72605230632,6134.95425576184,5289.99566752383,4478.22383179891,3732.40218503113,3070.72920050348,2499.2212434572,2016.66553818933,1616.55853424519,1288.20931499823,1021.70727760846,807.615087889302,636.74698713079,500.884696007848,393.407617279667,308.57775746174,241.627665310927,188.860313177199,147.632027803674,115.906857596585,91.0003932739259,70.6728665888804,55.1144675369041
62.7648400131549,84.8732982588109,106.016725801232,131.568014449749,163.133048802875,202.218228942585,250.100241845458,309.272182613087,381.981167005966,470.962509404903,579.459561643977,711.26246539248,870.52328299061,1062.09410487423,1290.33072855208,1558.88326213074,1871.60159836795,2230.03518237205,2633.53618758385,3077.89928918261,3554.01740453841,4046.94761430557,4536.16883565322,4997.49313747478,5402.47208769015,5722.90147595114,5935.22544214975,6023.40410571716,5981.39330423503,5813.81139711488,5535.71684530879,5169.98462382229,4742.34623367324,4278.82897215148,3804.89786798954,3340.43050818958,2899.14685353971,2491.50033862794,2123.02052203672,1796.26026755976,1510.90459073063,1264.39371164163,1053.06578491459,873.626798848606,723.307241028697,597.471837968803,492.341764113226,405.09045899947,332.868834318309,273.162019633524,223.96740275231,183.437774266162,150.233960920829
38.6514191410403,53.8964040179688,69.9026319247016,90.0966838032285,116.053693512575,149.559416694078,192.635975413614,247.279219404737,317.739512310259,407.926083695079,522.906616771527,669.26447141521,854.75053023549,1088.69683000877,1382.06467877212,1747.01954866835,2195.98475282704,2740.6782166088,3392.98132256528,4156.09077126211,5026.19659242234,5986.46435231467,7003.34071127296,8024.59504930558,8982.12786782026,9797.59529735675,10393.0029332721,10712.0463831095,10721.2828647772,10425.3900394882,9860.92656945633,9088.96099322548,8182.28773928011,7213.20022291879,6243.4501079462,5317.82122088576,4469.409315379,3714.14369306124,3057.74383325186,2498.03235600646,2028.48893761577,1638.50676598343,1317.74960779115,1056.40742912548,844.805479067558,674.112341420137,537.081360437693,427.308652095233,339.418515099686,269.227013277549,213.630381180224,169.970015918978,134.930154408067
90.5355222213063,124.612337411067,159.0505089544,201.744258667596,255.647344662249,323.716752856725,408.976477424021,516.196823545886,650.267631170293,817.365131740046,1024.14655604088,1278.4765010706,1588.2838184152,1961.88723623172,2406.45248098547,2926.29978765215,3520.77808128444,4183.26895595542,4897.78133321844,5636.46216862657,6362.18171935223,7027.7064906291,7579.51916280283,7972.66213158387,8170.86058195008,8156.88464758694,7934.96198122286,7529.33902647997,6979.58009332998,6333.66026770572,5637.68419184822,4932.54685914561,4253.10956028967,3620.62774492168,3048.77324877274,2544.3704793238,2107.25818013779,1734.11766080735,1419.93536887833,1157.59286963673,940.674642422287,762.262721581848,616.39966479184,497.486429532125,400.667722333598,322.166062530064,259.152337924611,208.031212414645,167.191246527472,134.178418880847,107.649384455756,86.345676597762,69.2258012038976
12.5401525921011,18.5469174335533,25.688369391141,35.473832935676,49.0526206395504,67.7887929059186,93.6117333015292,129.170251916283,177.88513743974,244.949352389186,336.949051218616,462.800501212513,634.33552899036,867.199740809363,1181.36131194619,1600.51955950225,2153.63105881984,2871.62192586504,3782.9427892148,4904.91073929381,6232.78698482989,7723.29790271135,9280.29751685112,10756.8804485846,11968.5853228637,12742.1809849332,12957.9777757934,12594.4407780708,11725.6808175706,10496.6798695903,9076.90822107203,7620.87341804149,6242.09002256633,5010.96152018963,3958.15096668318,3087.02864642975,2383.77959551713,1826.62824442031,1391.50095219521,1055.40038143744,797.221316467777,600.945960212667,452.104484042825,339.581352941177,254.854185406142,191.131255148761,143.234711369103,107.289278508603,80.303643962538,60.0636105552159,44.8012168547281,33.7504658890502,25.290153593964
64.9766510142524,88.6619863872416,112.244701939101,141.131965757298,177.237106641571,222.345781937747,278.531705560344,348.792691754445,436.378651510167,544.349785127952,677.425256117025,840.473040704916,1038.88372769805,1278.26545852652,1564.50077734405,1901.85844690646,2292.80056469378,2736.85466195975,3229.26433648967,3758.7151094726,4306.14662057678,4846.28327391088,5347.90643045753,5774.65282759995,6093.66367412862,6278.16470260411,6313.02114568792,6196.10606349008,5940.51316932561,5570.60985403313,5116.67928319012,4611.6014297392,4088.29659353028,3571.00054248918,3078.94695982368,2625.38182005073,2217.42472539341,1858.31448834831,1547.23642467985,1280.66557193913,1055.23088433512,866.229447694811,709.016322083375,578.961625756337,471.869096045568,383.7799884133,311.367901512551,252.330416208763,204.402963491628,165.727720331402,134.250845880921,108.636063192728,87.9051910520996
52.482755037641,73.513099216234,95.8941747997757,124.291494683268,161.003765034256,208.394697044249,269.24028445115,347.633850986228,448.200942523767,576.898532128704,740.643173941156,947.811139595609,1207.94457594283,1531.43480749188,1928.93048177408,2409.9695606572,2980.73913849947,3641.28495427398,4382.07001940446,5180.32281734729,5997.75441626727,6781.02179147641,7466.20585683752,7988.31689641646,8293.17354996195,8348.86392736691,8153.0848509697,7732.50845864791,7135.81137711898,6423.00838675724,5654.27567792807,4881.71858470286,4144.93020860594,3469.98469156092,2870.89362107966,2352.13748058818,1911.69976151481,1543.61068772078,1239.86044571744,991.717338027757,790.592342155311,628.544438459596,498.627974778861,394.885151905704,312.327219346599,246.778078278805,194.833079387715,153.712925709649,121.209870580527,95.5373090280057,75.2855060834032,59.3094370482884,46.7174090468533
10.2015921014811,15.2261649815407,21.3693449280526,29.9272913431174,41.9104275550057,58.6685595157146,82.2342683667573,115.249626678537,161.334188863242,224.814873458374,313.627449774764,435.934267669629,605.211580204359,837.308450023374,1152.88003999688,1576.97802687858,2137.08179471386,2862.05418614592,3770.99929520167,4865.01929246869,6111.53182760517,7429.57695998356,8687.60124664589,9717.56384747351,10360.0252607445,10508.2531822878,10149.0421203918,9360.00585453003,8279.83193329069,7063.60715572138,5844.28720109613,4715.18373682931,3728.02640222563,2900.49536009524,2228.73891790199,1696.19529683715,1281.62451598829,962.984752342474,720.371589534959,537.413321347661,400.154784070301,297.023703554771,220.283278181837,163.229983227432,120.899403478354,89.5478028318314,66.2704099608196,49.0376200546885,36.2720723116937,26.8006033187721,19.7932478254399,14.6390429995223,10.8770916879796
53.4052959037462,76.2806122685727,101.726617282737,134.86240223856,178.682921578225,236.777108670386,312.896077213533,412.42632391826,543.253917668092,713.642819447946,934.166124732489,1217.40340282721,1577.29448983066,2028.43038172123,2583.54572190455,3250.24152139907,4027.99842332533,4900.03944816122,5828.82009590353,6756.09311055969,7601.36870226386,8276.31048844348,8703.32358779417,8827.83670690665,8639.52623558107,8170.20976755291,7483.55061766772,6659.3140515876,5777.67585993612,4904.76203011993,4086.19035096156,3352.98082145574,2716.90224315063,2179.07862884198,1733.99858540569,1370.9458200538,1077.71195872072,843.979681954629,658.914532246315,513.22528750949,398.996256232655,309.785520359638,240.096148888845,185.735079528298,143.636951141406,111.481227880765,86.6712217208282,66.6489841410304,51.4235238846506,39.7136055176686,30.6835779438122,23.7066277971323,18.3068159498624
10.1611777963333,15.0420957978182,20.9220685736864,29.0401426140584,40.3130205481303,55.9387451300408,77.7307312607278,108.01120052669,149.929758038565,206.988656275567,285.880859627434,394.646859230816,543.406947452015,745.818424984144,1018.99802589336,1383.53627867878,1862.71611382867,2480.21546698308,3255.02035775575,4191.28947906554,5265.93205081046,6423.68877301435,7560.89810743169,8545.21461937136,9231.84919461358,9514.43037770412,9353.86462464919,8789.01801405067,7921.60355033864,6881.69639152549,5792.05852743446,4748.00479177069,3809.09199792612,3003.49615942141,2336.24438706583,1798.0391870525,1372.84244160751,1041.73507970092,786.31481563993,591.44843988835,444.140423905149,332.488871938486,248.322427294233,185.691402224351,138.428461563349,103.14238487269,76.8418723883447,57.2871660623991,42.6615728540665,31.8016469548818,23.7302948114767,17.6555759317953,13.0487606316671
74.7614953702146,103.695486041752,133.397218683244,170.59384104622,217.931312281537,278.340515540073,355.101576075823,451.263142744435,573.247227817557,726.568238666008,917.832166406869,1155.11499297776,1446.78174977209,1801.2588450169,2226.28918160241,2726.38078595712,3301.59904158004,3945.12472994309,4640.17341899488,5358.23985618296,6059.37925597925,6694.39017994497,7208.37595809027,7555.88417965773,7702.88395754746,7636.66757571022,7367.20953381096,6925.00897457612,6354.15594474735,5704.13772865708,5021.5722185828,4345.68573529589,3706.32987496,3121.37206512179,2601.1827548093,2148.82185780146,1762.37407500727,1437.29951813123,1166.7347129341,942.582319982676,759.403294478292,610.208510630058,489.502604235748,392.029491922338,313.460473699244,250.237579085377,199.710882386657,159.670968073689,127.516643267612,101.18393802442,80.4493440942466,64.1408103900922,51.1346454704829
33.7434376965666,47.9408592746217,63.503330891032,83.6124175114821,109.999405417378,144.733531098105,190.619731976182,250.021004881482,326.953424520753,427.309823982959,558.276985939161,726.295679052269,940.89707290724,1212.93636285676,1553.16964784448,1972.0327596905,2477.32483648889,3071.43608110704,3747.77062157859,4483.13226486733,5240.81398978918,5966.61754919661,6593.13846448933,7056.42864995706,7300.35286166299,7298.90125595451,7056.27877431641,6607.54139666759,6007.37172547654,5319.19522569295,4602.30731886824,3902.84445576,3253.51458547961,2675.70834660675,2174.65556268495,1751.24606284141,1399.66487889523,1112.24961146532,879.363781018781,692.586856129314,543.861578519377,426.205370106471,333.353347120456,260.418901543504,203.207025380066,158.292214410042,123.102840872464,95.825910780667,74.9656168227796,58.5061901276345,45.2398874049723,35.1230855501545,27.2945572698176
77.2974388563639,107.783588406331,139.509872200373,179.52259774283,230.74132505352,296.449342098936,380.373937707532,486.071053451221,620.631121047716,790.282673592915,1002.23652083475,1265.25029232966,1588.00645373288,1978.61958152815,2442.94319331813,2982.54037979631,3592.47666080308,4259.62325225163,4957.0302568281,5642.26978635182,6270.03154268395,6784.73193640729,7137.16528747669,7291.90826568683,7234.72698334122,6974.86483971325,6542.9264634011,5984.98195566408,5350.86222851196,4687.15007871076,4035.34569672811,3421.27683871259,2863.84161950269,2371.73250617776,1946.79225229293,1586.76668354622,1285.8516407572,1036.88846469212,832.362931513218,666.774574826493,532.614472451793,424.112931018559,337.701929596032,268.442282343933,212.790102901486,168.677700470777,133.85628533067,106.241793948819,84.2010028620212,66.7307081005087,52.9091015279387,41.9021727274803,33.1765183322094
89.6370439516188,125.221211533288,162.459866834923,209.585715419826,270.115233265158,348.0627178513,448.069318910532,574.66436706125,736.684123865823,942.28252601835,1201.83862322201,1527.18879850895,1931.07071463379,2427.63292696109,3029.35428796673,3744.90704514761,4577.17839926145,5517.85703366165,6543.33871497546,7612.0211349223,8661.35837591778,9613.99390827939,10387.7550207561,10903.436243695,11110.2954355966,10989.8891588267,10560.6447161461,9873.35870679522,9000.09934570252,8018.92764457451,7001.33686093606,6006.84022008158,5076.91911391955,4237.22028379053,3499.33357586889,2865.07890006297,2329.18827696446,1882.57489667151,1514.5847366555,1213.93634896736,970.126883544887,773.706830294551,615.995879453772,489.265511795555,387.500302636659,306.412500516155,243.754516533208,192.862145912271,152.585770775413,120.688271521648,95.3624598908922,75.3642887592251,59.6834927098443
96.4006727600699,135.0898632189,175.911620775126,227.753307988132,294.560502803293,380.829029454652,491.387251574287,632.124538063285,812.117871372524,1040.40328519994,1328.08036252933,1687.24460572355,2130.3355837339,2670.84013372922,3317.11493178098,4072.303949666,4930.09976409107,5869.64315219003,6852.05903531753,7820.58922985776,8699.89977374713,9411.59638512343,9884.69977154697,10068.9889971147,9947.87672112562,9539.70578463596,8893.75548322451,8080.11424060105,7172.59991913748,6236.11163775242,5327.75403091085,4483.28781591393,3724.98083886754,3062.92944450472,2496.91393869712,2020.96429920324,1626.69250637562,1303.19985242866,1040.3686132776,828.137243559285,657.790540220981,521.422789701014,412.409711937192,325.76111282389,257.605571038844,203.053002577412,160.298814378069,126.38409870283,99.6085367221293,78.5080308036956,61.8422583391416,48.697948364585,38.3578142739317
22.0934016997852,30.9412800725843,40.203368939318,51.9135090143191,66.996587792043,86.5015446147678,111.834923222595,144.07242749025,185.009767752475,238.036976730483,305.865497246002,392.21894138599,502.358083206946,641.478641518219,816.50841557042,1035.00043611563,1304.72836858319,1633.34803638604,2029.41267027542,2495.106873283,3029.55365658017,3623.85206939809,4258.42920310987,4902.40620462894,5514.43948173798,6043.08762993035,6439.77515671366,6665.54997555855,6697.24851079862,6534.48368296781,6197.87441053565,5724.82452493106,5161.85023543212,4555.95625317901,3945.14956438246,3360.94113144484,2823.66596131626,2345.10600314286,1928.97204067087,1574.52898916572,1276.98096143584,1029.83342361318,827.263934817687,662.20710251485,528.824410175987,421.444252711469,335.362479491561,266.352023146047,211.031850665382,167.113813549311,132.816795135596,105.708543906169,82.8757072743782
56.1249109924367,76.7038170597787,97.2792517673656,122.534071576651,154.175300364706,193.770211335731,243.141827624678,304.965627528305,382.270835382561,478.571289360855,596.821550747929,742.002295747582,919.596059080811,1134.2557192851,1392.27261921373,1697.30685161858,2052.65127669428,2458.67661547018,2911.3010507281,3401.45177483068,3912.97023240829,4422.00781423466,4899.68849015646,5313.31046813604,5629.138726845,5821.50437960746,5873.97511395225,5783.2665298324,5559.27907888515,5224.37506207342,4807.14845509412,4338.31341484556,3848.75619259667,3363.09952561885,2899.80872878286,2472.03859198409,2086.91962397062,1747.55491591259,1453.88783186491,1202.20014068474,989.449863031838,811.358950148154,663.096754888664,540.537062629266,439.966320616378,357.787498760567,290.41178302656,234.750993798163,189.976762032207,153.68632566618,124.189837874643,100.305548343463,81.0540114229201
46.40077585294,65.2251990455932,85.4249199717793,111.189650332859,144.651460285168,188.088422427175,244.145598939059,316.79647785696,410.567296886274,531.225458053232,686.147726331612,884.24600929068,1135.2786681855,1451.66526909826,1845.98543367643,2331.85276792399,2920.44938775255,3618.27361043008,4425.45984380161,5327.62147426645,6293.79041921781,7273.832970078,8198.63019183729,8989.47253004429,9565.54978970905,9866.34556485564,9860.19851933634,9553.05503867085,8985.45897767489,8222.48563736411,7340.02130099421,6409.52910324351,5491.23728607976,4629.30850993388,3848.86094408314,3164.10124054765,2576.97521318766,2083.37957679654,1674.08784621962,1338.02072021091,1065.45130218416,845.763426235323,669.802275470472,529.426284701215,417.839020033201,329.204045831886,259.007080524542,203.773605013503,160.565415026964,126.333507545509,99.0217992896631,77.7205315226299,61.0291724140535
13.3928652961286,19.4788774097023,26.4565195009598,35.7914396660263,48.4790679915315,65.5377524321023,88.7522552515224,119.748239930556,161.691704969847,218.521958560894,294.6731237482,396.352634003834,531.966247248054,711.673306784444,948.171101312973,1256.62426583234,1653.83085368514,2156.83524115191,2779.85144997081,3529.52689633853,4397.85565999791,5354.47035675768,6341.24744527957,7272.33015382465,8044.14049693065,8557.04408292111,8741.18306111392,8575.56424613355,8092.65998857277,7367.41872227638,6494.70291730867,5566.96982743617,4659.18455646477,3822.66560819768,3085.59479518342,2458.00165700314,1937.62626331589,1514.84486997624,1176.66822996851,909.393889506806,700.06346872603,537.287627291903,411.415813314034,314.499569030778,240.102102618421,183.121639021479,139.555350681953,106.291279068334,80.9220879667737,61.5891091390393,46.8625177452031,35.6488147050823,27.1142527482436
13.0445576361317,19.381596981794,26.9721989611619,37.3856313220269,51.827208226122,71.9348853317963,99.7886679813228,137.569947561211,190.136083636555,262.490440282072,361.580393278305,496.842958261474,680.202430135534,926.482836150315,1253.43327066167,1681.61613797384,2228.44559538885,2906.6926493066,3715.03517845739,4628.81377177521,5590.47325820619,6508.55407802461,7266.83049251999,7753.31491388379,7894.14557988507,7670.19521505793,7130.93119729628,6368.38183137734,5489.73891117172,4592.41360272194,3746.34311252877,2994.58325885438,2355.15825601227,1828.72020906017,1405.91998063074,1072.61264943898,813.678250527267,614.783740488231,462.840635501433,346.997075266877,259.620623632453,194.46515700415,145.359536941807,108.545137636327,81.0066719710033,60.4717867804562,45.1141378104327,33.6519737888392,25.0826686186221,18.6632930644577,13.8862664471556,10.3621712011598,7.79162290552713
13.062876367119,19.4505600931301,27.1430092652899,37.7330102963057,52.478057531852,73.0708011308714,101.818529093829,141.197445113233,194.908854220726,270.037045845344,373.358742581579,514.314183834638,706.219197756267,964.677083111168,1308.77045076564,1759.0720049559,2335.25888314853,3051.03818954098,3903.58178277674,4864.13908732444,5868.96645513013,6818.49586873019,7589.15544746811,8064.18186256934,8167.32156556493,7892.07115446471,7293.93537560044,6474.94588860434,5549.09075509357,4616.008915867,3746.78409691705,2979.99454298635,2333.43567856796,1804.50402043839,1382.07180832516,1050.7336381389,794.41538414184,598.258903881198,449.088584123218,335.916593889613,250.686577106189,187.503155932086,140.508461608845,104.231163355436,77.4396796597133,57.5911558923051,42.8257200564081,31.8750679454323,23.7000529685324,17.6091679987707,13.0944235425308,9.75663464068121,7.27227190269288
29.8836926978874,42.2706986164852,55.7163377662052,72.9940953648989,95.5644656139566,125.152796578426,163.753983919023,213.559876647726,278.680713338353,363.208082512315,472.217551074175,612.541224878026,792.05722599193,1020.04616595915,1306.91908912824,1662.60889785206,2097.17702672275,2616.79428327969,3222.50088434776,3905.61999910121,4641.99560840329,5393.26297966243,6106.63631108429,6715.35814992695,7159.34829658462,7387.87588805958,7375.80338899014,7129.07223648948,6681.40377224404,6086.2428715318,5404.12014631791,4691.0722448928,3993.76041955769,3344.52089587288,2762.58176587492,2256.12536479917,1825.56439947916,1466.13781772811,1170.43286182583,929.944423056775,735.977474078581,580.717436731107,457.350682520748,359.718491383942,282.230510205353,220.663683007831,172.664632031074,135.510638975293,105.807451223133,82.6969722303692,64.599035432731,50.408240944604,39.3443657522684
42.6456387512278,60.0523004591117,78.7996455925788,102.767576646093,133.995394541746,174.526742848617,227.043423673808,295.232508009856,383.53204744199,497.600353997438,644.346200508517,832.295963650717,1071.60234542685,1374.10447601667,1753.00268176443,2221.80781063519,2792.84525136438,3474.89362395431,4269.13008068786,5164.7759128122,6134.2212212833,7130.06982493974,8085.34356619754,8919.1976870442,9548.84081373834,9906.31025862213,9953.24109917875,9688.93562822657,9150.38164449612,8401.68449828589,7519.49068215053,6579.22057715745,5644.22118378351,4761.35652431697,3960.19650301033,3255.26208976231,2650.10536275004,2140.55205472876,1718.05393936608,1371.89460455304,1091.00175805385,864.838595502199,683.811727265902,539.572614436593,425.07501107752,334.466866792479,262.925226575927,206.5240897824,162.117103397276,127.199272848862,99.7700934609406,78.2336866468179,61.329535569125
27.8089599157719,38.8041226643233,50.3428248058583,64.8927700060586,83.59449175185,107.732344291673,138.657456871253,177.915778630362,228.430206955338,292.899081332875,374.9095290023,478.830936593749,609.78379692667,773.727484697634,977.984835378655,1228.90838358024,1532.96547376044,1895.5948525639,2318.7085010076,2799.48299817832,3327.45344512369,3882.81733862525,4435.96644505319,4948.32949805694,5377.06417993712,5681.80982357355,5830.81482831532,5810.36402474692,5625.77191341883,5299.1981281489,4865.34555422146,4364.12469357064,3834.95598478407,3310.08385480888,2812.02655594536,2358.07746451511,1955.77370212582,1607.31835836615,1311.4441365361,1063.80595020293,857.980359720839,689.473768097536,552.574149851985,441.206652960511,351.665154083994,279.995001794163,222.511559907837,176.823230614027,140.447985959177,111.436812915916,88.1982563710507,69.6446765299355,55.1677855261152
40.4409601672017,56.038963095553,72.1667846200367,92.3237825859959,118.0473857367,151.029522842331,192.875833178908,245.66359940708,313.1086414877,398.618778676132,506.74137200217,642.90875488366,813.594202332558,1026.3702989684,1290.61320437505,1614.42969205196,2007.0220853965,2476.55914011243,3027.70587571551,3660.1689576751,4366.54100890695,5128.31861950486,5912.36047548674,6674.13050308354,7362.05095021074,7918.31726046079,8291.14992555306,8445.41616140926,8367.43083980501,8069.13827072358,7583.63142450559,6958.81697886184,6248.3615704391,5502.41533350078,4764.64286163735,4066.1919507508,3427.19173355955,2858.54261598426,2363.46282860368,1940.28058222102,1584.02701324844,1286.85897743384,1040.41625061439,838.294608325251,675.030085498712,541.788652143089,434.195896071714,347.549685353567,277.872652822845,222.038025743198,177.279286539733,141.502148093564,112.897375579967
45.5360392425259,64.2832747885522,84.5928592609634,110.638634669631,144.624758109369,188.907368447491,246.30543904698,320.927301841832,417.500777586217,541.994389740044,701.970491868518,906.478632934053,1164.92727352265,1489.10076872032,1889.8667857122,2377.77954567008,2958.6088171401,3631.40647752046,4383.99261508143,5189.06461581518,6001.69370185065,6761.97149605205,7400.79406327775,7850.56244532009,8061.40654251102,8011.55629627923,7711.55634049763,7200.4058785531,6538.37147539713,5791.28439228182,5016.46540621133,4264.59840806839,3567.63869458789,2944.67017007119,2404.09846725768,1945.34830189905,1562.33685318057,1247.49740150658,991.559913251541,785.243961424314,620.068991614375,488.572400584575,384.262838975472,301.559004954528,236.251615991928,185.200964474916,145.58812604631,113.999149145932,88.9020049907183,69.4690620098266,54.3144408071164,42.3971122017129,33.0268050938215
13.0748072541372,19.5552462331112,27.4248868643277,38.3306960178502,53.5694613908273,74.9550342843167,104.887400641117,146.625444897219,203.575278576218,283.359821772807,393.938866014801,546.063564271513,754.432379965489,1037.24183220437,1416.68514701294,1917.59975341246,2564.19947778052,3375.02031454313,4350.87010698975,5463.09525638512,6640.97411127664,7768.97657556531,8699.22988178074,9287.29174758139,9440.00020871813,9138.00995234591,8448.53484131858,7493.23796372931,6409.08627144555,5316.44145137983,4299.49568723198,3407.07453981767,2656.44487143764,2045.19079840195,1559.76956873891,1180.5755665934,888.316839462439,665.598323564744,497.262558567852,370.61766817457,275.777834204086,204.827941988133,151.845024790396,112.62356711884,83.7624599552536,62.1076515127708,45.7406989044535,33.9206679520171,25.1149074789366,18.5834087222728,13.7735681894762,10.1977346204093,7.54266786185324
17.1404302507739,24.7048614057214,33.1632519420524,44.2771554407677,59.0912895185924,78.9152885480415,105.610147756056,140.599637673701,186.657976870399,248.099559443688,329.948349367773,437.043901309309,578.100889645163,761.932414112868,999.946736963902,1304.89306209665,1690.24411409171,2168.83856377007,2750.52303491515,3436.41357944377,4213.52217089424,5051.19222122578,5897.22826000539,6678.78076245053,7313.38644961504,7723.86784213935,7857.12816160145,7702.85416312399,7285.9471063807,6666.29119112216,5919.07419625613,5118.95808711787,4328.47828039048,3590.70068994906,2932.32108976131,2364.16125718061,1886.48770264287,1492.99415535093,1173.87184023239,918.390604745406,715.893427855561,556.16156647624,430.478259489884,332.453293790598,256.730701135201,198.206920451666,152.789004753314,117.74094170172,90.7733888430049,69.8147237781681,53.8697184447246,41.2624003111975,31.7057567032362
10.5706046036957,15.4702871128138,21.2147136123439,29.0418988003137,39.7750328877604,54.4406179209363,74.330015187095,101.827186292246,139.196241115504,190.002806714644,259.18297761189,352.923424734062,479.23295757548,649.352426375587,876.487910314386,1176.95306852773,1569.71790503694,2074.60276621498,2709.49764827027,3485.63008737786,4398.49131582571,5416.98535631359,6479.05918995303,7488.94632580391,8327.75480671296,8880.70901025218,9067.22034986115,8865.53225203959,8316.88826483972,7510.80061945134,6557.06272129264,5559.79274124135,4600.1131349401,3728.95526214231,2974.17110155594,2341.2749349975,1824.18303462399,1409.96356818061,1083.03167363625,828.093637803708,631.01592011054,479.284259387534,362.879273464627,274.614353310085,207.828757603689,156.727466497363,118.274434528392,89.2077221485145,67.2636428323954,50.7129707157825,38.201090893748,28.7772954961893,21.7006537639355
45.500524262773,64.1306083378847,84.239045594951,109.971877767038,143.467077703988,187.208698708698,243.848209595732,316.640917722898,411.160395330247,532.816489266208,688.582416716632,886.921082770557,1137.41395345416,1450.93713335601,1837.51211508581,2306.50598865597,2863.06048137531,3506.13086842268,4223.36517876712,4987.68331039986,5757.97123466313,6477.41402265979,7077.90827292103,7499.26916723804,7695.31209843754,7645.39249080447,7359.68903568331,6875.79058681231,6249.33501862972,5540.78494277374,4806.52743741144,4092.12412893833,3428.64093217535,2835.03984533471,2318.6450828544,1879.17805234718,1512.18006659941,1209.63987010881,963.068590020856,764.068211860999,604.456699312987,477.154720014328,375.742045621312,295.113543221178,231.603298932783,182.092908329889,142.861056676571,112.007441396042,87.795292230183,68.8049926476233,53.9096018732482,42.1802372504771,32.9380013381912
87.5434074265134,118.612283888892,148.591468932,184.919464053366,229.910339089142,285.577822733375,354.091481484872,438.626447103797,542.441089510073,669.511882602954,824.296876067024,1011.55654376142,1236.43741488631,1504.79096733572,1820.93759293887,2188.42956555996,2609.04052451229,3080.31661130981,3596.10936545518,4143.43164490206,4702.96171086931,5250.07078534074,5752.77201293108,6178.06329227212,6495.04367180746,6679.01835371731,6715.6762139301,6603.69052464818,6354.17830127159,5988.85040850464,5536.58954206446,5029.41265030199,4496.36212955604,3962.2925627559,3448.75948880454,2969.58024079846,2533.22579160171,2144.03804781295,1802.87445959032,1507.4791906691,1254.08313036236,1039.52413308025,858.849787421341,707.823191976968,582.146089180039,477.876423142909,391.459456320878,320.08682254108,261.685563712884,214.070102517193,174.786616713866,142.649455867224,116.364808953844
35.9284239458566,50.3788679318282,65.7698337430439,85.3284760799181,110.659577436713,143.40208488038,185.545726671298,239.972998015811,310.028969950668,400.055104678263,515.122287992211,661.538683033289,846.740404203072,1079.15668518974,1368.06019115653,1722.7391055267,2151.27454287162,2658.70100208101,3244.25636891634,3898.24370757122,4599.09094671233,5311.51365982692,5987.27271228146,6569.7682429816,7002.28727377589,7239.45752808032,7256.81686775485,7056.09039216214,6663.86501489842,6124.92440028092,5492.44048530107,4818.49065220186,4147.27330779371,3511.61578585795,2932.67225951866,2421.17833302237,1979.95537634251,1606.53607618599,1295.30229948427,1039.05266839005,830.116430269497,661.058015767385,525.058512637674,416.178066110231,329.336723877162,260.29023776853,205.513992542821,162.140005135369,127.837663653971,100.743755104058,79.3595352905103,62.4972311068296,49.2054091620109
100.657176436036,139.418476711891,179.23676909607,229.037115721969,292.410275027235,372.96960459844,474.802639768035,603.749335676587,766.18825617689,970.183958698149,1224.352665721,1539.2103378198,1925.36370282203,2393.99841819599,2953.80931191225,3610.71565507996,4364.0272387719,5203.3786499856,6105.66127001783,7032.37569567211,7930.63264584437,8736.2653782669,9379.62836421806,9803.54456036057,9966.11698364719,9854.21161157504,9483.4805245357,8895.09584387093,8146.69762080925,7302.08255552604,6420.41339632877,5550.77297221742,4730.36162787156,3981.78774938241,3317.4484688258,2740.2267899062,2247.54905067686,1832.70756941148,1487.44137603092,1202.5616601846,969.231506327728,779.410258074185,625.729452627956,501.397195802728,400.675780307307,319.50364747978,255.212866742077,203.996119889141,162.75403019506,129.826619240782,103.637954749393,82.6728494601347,65.842020456441
89.2381713213701,124.718136730222,161.970551861114,209.137768389451,269.809899331683,348.024906258669,447.819229587654,575.284606354616,738.099345302934,944.777500759769,1205.85219651475,1533.08632722615,1939.30918720633,2439.11332664146,3043.97971014282,3762.72311616659,4597.56089091486,5539.01116813652,6562.6265533904,7623.95343880098,8659.6349819045,9592.18215626665,10336.2694024221,10818.4004563668,10989.723401327,10835.0711412459,10377.0374255363,9669.60457137908,8786.27603907852,7804.38608687136,6795.04766031988,5814.8063434968,4902.78939737644,4082.94286998012,3365.10554229641,2750.51379497669,2232.46320357578,1801.49760362224,1447.34476094251,1158.4888272113,924.737976684468,736.444991167903,585.430484294453,464.507423374042,368.001127677208,291.476271940441,231.103329542117,182.920513503081,144.351575079504,114.022273433905,90.0919205754932,71.1273915214138,56.0918923160654
135.68989587675,179.726542053616,219.583681360609,266.319980458798,322.572076759944,390.354019631401,472.045025955373,569.965344577324,686.918883289198,826.633705648208,992.70997890806,1188.93634874895,1419.43269841328,1688.36665706717,1999.47687655182,2355.64286222159,2758.43630130331,3207.40297418105,3699.12845043816,4226.31949911025,4777.31618419005,5335.86313113307,5881.16464248934,6388.73135829645,6832.40077754253,7186.96058947323,7430.65895866599,7547.80118203319,7531.53415917149,7384.46537215513,7117.815835582,6749.76685374986,6303.21610491899,5803.026890929,5273.39205477097,4735.94110706304,4208.63732941483,3705.25632264475,3235.39337706725,2804.92681593382,2416.68098888353,2071.08431953112,1766.80503804363,1501.35366739739,1271.56591462732,1073.93953655845,904.88694511824,760.932217760201,638.819756649084,535.560485822445,448.463936894842,375.158092930547,313.577211863645
75.985345174707,102.088617359446,126.52346965804,155.790082613,191.647274663034,235.772839580339,289.144819764543,355.205806014325,435.627728924529,533.3997955336,652.356860002,796.031252135337,969.177945945032,1176.50932053371,1422.97005653685,1713.938564575,2054.57353384493,2447.76593619893,2895.46565661916,3396.53627703945,3945.32970638417,4531.25796297851,5138.12138333657,5743.1200297072,6316.48877169478,6826.35592901029,7243.06591783843,7535.82909553776,7684.08705694558,7678.1498604522,7519.78814784715,7222.65383270546,6810.44729575583,6311.55383760234,5756.01745428031,5174.30387597709,4592.9125093528,4030.04946726246,3500.96385351043,3015.03052879331,2577.23148154456,2189.40964023918,1850.22407441676,1555.88624218236,1303.25539536043,1088.62668539234,906.644218508225,753.508830158305,625.01617688616,517.567494973136,428.176374067482,354.114600526342,292.5442578649
13.8219368591021,19.9265458573781,26.804295283413,35.8900468814369,48.0674399674149,64.4399247350244,86.4880506070864,115.624780141789,153.852281597326,205.464339996349,273.627364410862,364.264594716828,483.398561577038,639.367440050838,841.991335024389,1102.12648081448,1432.06528102656,1842.79661286515,2341.99750409528,2930.07548306533,3595.77678048358,4311.12024194384,5028.54115137657,5683.6017672019,6203.74945326715,6522.84923928297,6601.78664413373,6434.95814996723,6046.63324392157,5496.46553867962,4848.23740372461,4166.22855158447,3500.67428937957,2887.19694552467,2344.80985238999,1880.8636376715,1493.89263516768,1176.89574365979,921.399465523353,717.873559526622,557.312468279624,431.561668003802,333.558252685728,257.014047941571,197.262416206199,151.576078873362,116.36158861148,89.7462361621491,68.7760085242501,52.7572764222244,40.4394028202281,30.9653228074804,23.7391597209612
119.13425420385,160.922896995687,201.056017201212,249.49112817802,309.253213546093,383.060819806769,473.558651213656,584.473732672613,720.291962247916,885.578207906688,1085.75790931608,1326.70215979726,1613.9409399083,1954.03523213699,2351.47984627818,2808.25238927816,3325.18093515345,3896.31643969151,4511.49898420571,5152.85316350983,5794.22772209017,6404.05547310365,6945.60322789449,7381.6594391164,7679.51950588433,7816.89860303629,7784.6976221881,7586.01206175106,7239.16263307336,6773.54391978428,6223.21748763543,5622.81901967789,5004.72734044029,4395.96830264417,3816.64759527286,3280.52514370103,2795.52285517831,2364.94827773871,1988.29007728661,1662.75115624373,1384.45430226171,1148.69631568308,950.123543237762,784.11078031054,645.789831064244,531.054910262921,436.05880832296,357.423460049974,292.505667445249,239.379073832583,196.335724795911,160.413663347268,131.066027082201
43.3011305140581,61.5564178365135,81.6556516846723,107.684098427572,141.967061860801,186.999561040197,245.980664912742,323.395076884256,424.635785226511,556.650767366299,728.366082332151,950.505047568032,1235.43579560061,1598.57598104238,2055.8685632189,2623.69162369943,3315.14703246928,4138.0247489753,5087.81358788005,6140.6778424315,7250.1110084832,8344.74333522673,9330.0140518379,10106.3772709372,10586.7052960706,10709.5145939364,10470.8690659993,9904.86423658567,9086.40458845054,8107.16114783992,7057.97922916869,6015.54367853957,5036.0156794204,4153.1886094397,3383.35979607584,2728.358801592,2182.18136908194,1734.40177500715,1371.17007007871,1079.74417540451,847.531944446844,663.706329457891,518.460219861503,404.052832241752,314.781436660082,245.309288131087,190.874665906011,148.401530532685,115.347006941522,89.6385277504025,69.636901428864,54.0910165779465,41.9919508588646
18.3905021490523,27.3997075403918,38.214253699465,53.0517311191589,73.5955815500773,102.131640523433,141.703092894854,196.380437548485,271.347913341589,373.472210948002,514.212516820845,705.600271929904,963.974899895311,1308.87970464874,1762.3448158364,2348.02375681125,3082.73962056234,3971.66230443295,4996.26532314108,6102.490055691,7195.9676384804,8148.12379270119,8822.76957049282,9115.54631821332,8983.5651780452,8460.83075813063,7642.65237097913,6652.15119147027,5608.98325890218,4604.35594480762,3699.04216687854,2919.52275300521,2272.89646471309,1750.57884102668,1337.18778771963,1015.02813476589,766.661258657745,577.003633324137,433.258019696079,324.357057065048,242.74019762611,181.142592478322,135.167944059262,100.781966769291,75.1794609976925,56.0459250357775,41.7717956693085,31.1220370752832,23.1506589366897,17.2021578925127,12.822262947137,9.62481912444469,7.13890013414222
42.5328925696306,59.5871759203829,77.7360808302801,100.79476184254,130.631424141332,169.393921075843,219.38367951097,283.322644302513,366.176516255007,472.73035975703,609.353075664069,784.018493578106,1006.26995348171,1287.49898827083,1640.80462471465,2080.44897927201,2620.94070829829,3275.54436321299,4053.74173762502,4956.56744502862,5969.61605142988,7064.44251271929,8189.29283512985,9272.5566188355,10226.9390007073,10963.3799403504,11404.8671063562,11505.018644994,11260.7469327574,10702.7283807429,9896.76686647431,8924.68252468318,7869.65949433881,6805.07550353028,5785.40026101926,4848.92047748786,4015.75851470893,3293.02763339454,2678.63522761669,2164.55075560211,1739.9168593415,1392.57913210626,1110.72449924449,883.593070421057,701.37904213528,555.359250769846,439.050268984864,347.397189600674,274.401297601611,216.637456595342,171.018964845518,135.06410451731,106.488995114051
88.3777360454355,118.315166600069,146.041924342389,179.064122033116,219.328969141494,268.623910504669,328.222299770143,400.943265572455,489.132772505483,595.918208973838,724.324469570112,878.390177020222,1062.39989999948,1280.59614269556,1538.06488572684,1837.29528202465,2182.49997617917,2574.47480591069,3012.62284551629,3492.32142916354,4004.72411996201,4536.53600789023,5069.3466130528,5577.5491648727,6035.71231225661,6415.94535622112,6693.74108913097,6849.53133733908,6872.8356034612,6763.41643251585,6530.78503044824,6192.34534237956,5772.10886250759,5296.57358576016,4789.84188181206,4275.63758147218,3774.30274730494,3298.0915688022,2855.29005992904,2454.05588023141,2095.1909476974,1778.99908607164,1503.20125669308,1265.15478863827,1061.38232157918,887.696073994442,740.794621736688,616.899618101247,512.750000480229,425.891791976194,353.437347968004,292.818587435856,242.460560879447
61.4961295852391,86.144414371896,112.378248186136,145.660209755347,188.704664046402,243.992530526423,315.208898670998,406.613761252197,523.478145706362,672.378026027097,861.289855748448,1098.39739801744,1393.52260518481,1757.38449424455,2197.7530253801,2721.10785522308,3327.62272508689,4009.10221378385,4744.63732078311,5499.68705687549,6226.0031622518,6863.04596277294,7350.40153745309,7638.76055504525,7697.38245891747,7523.16828511038,7139.85654342414,6591.84507675299,5934.93186793963,5225.94040027397,4512.00071764422,3830.06370581173,3205.82657610503,2651.57854405919,2171.57810965183,1764.67332833587,1424.62188270372,1143.67035630622,914.428101247205,728.681474706045,579.180947728969,459.393106746383,363.812225221631,287.597420474259,226.932415487513,178.969775717323,141.481649653485,111.949446628346,87.8810799981353,69.128646792675,54.4093158875713,42.8379531741653,33.7248488275179
11.4335065809047,16.4116653240041,22.0078807951063,29.4323428658879,39.3429852892316,52.5630715097891,70.0929247372034,93.5882446038021,125.450534880939,167.910350367008,223.969262688639,298.36465170054,396.995941176852,527.08764657614,697.923167268431,920.823995418908,1209.44091351071,1579.25264857912,2046.44482523899,2625.997961247,3327.94709045196,4152.22239579339,5081.77716554425,6076.50886486767,7070.0745442735,7973.26252897177,8686.75748790403,9121.92689821585,9223.99995620741,8985.05260466658,8445.11170410575,7680.19504147227,6780.83285351686,5834.09621219763,4909.87050143633,4056.21597000032,3300.35566572063,2652.19470241126,2110.13338230092,1665.58010597677,1306.43149865079,1019.66215745328,792.786076688213,614.573856365445,475.327201210189,366.953364383746,282.895266403395,217.878218175246,167.677646579477,128.958183258925,99.1267824058529,76.1709358709036,58.518954835612
38.0063497797152,53.935705727261,71.3583950426577,93.8472542185705,123.35866515971,162.226027796553,213.072674603623,279.087759802741,365.806579765581,478.946933990482,625.816721352088,816.154867287706,1061.4955486792,1375.75298904941,1774.71205611681,2275.88006683256,2896.31181067364,3651.43745221496,4548.39244981893,5582.64993666728,6730.61114735201,7943.811321625,9146.91258709133,10240.6340077718,11116.1978373539,11679.02169335,11861.9866919718,11649.1935266071,11074.7859518615,10213.1153797504,9161.36577235651,8019.37036910221,6871.26351010769,5780.39058720226,4790.36663565369,3919.6434005927,3174.49737033998,2549.65806836269,2034.1228075965,1614.18138317314,1275.53455929801,1004.63507562821,789.019977944877,617.941891344908,483.29197012718,378.133681546863,295.286841491236,230.414062428302,179.740718037979,140.180240868924,109.270497528153,85.0042488601702,65.9776880854786
15.3762630862048,22.6059336312963,31.0594916369076,42.4823218347455,58.0881597748356,79.4970711357392,109.254261704222,148.738937254333,202.54707344617,275.327897943882,375.00442757594,509.224043268344,688.710466764572,928.120244562284,1243.56581601486,1654.11973493401,2178.76737185316,2833.53195161127,3625.60867260753,4544.84739466599,5553.42479765777,6582.02673302386,7530.55805371869,8279.28901485609,8726.62138967862,8806.402575611,8514.09554498979,7904.54524076258,7072.53389905509,6125.67342254372,5159.35684031283,4245.20915562022,3426.75045026846,2723.80784676137,2138.65253735945,1663.14618439935,1283.67745334875,985.273187737657,753.109966664634,573.358087937027,434.968397752442,329.592928277321,249.908075900935,188.659176125222,142.459788612727,107.549808741799,81.1166225044688,61.1999088331819,46.2045558933143,34.8444980955595,26.1753667148836,19.6118804264291,14.8100124716019
30.0644846718766,43.0871976982173,57.6424046545909,76.6648928307099,101.908588875457,135.510076870406,179.863789990373,238.118200191533,315.303891270533,416.833762514542,549.519699596464,722.398385834558,945.921488304507,1232.14817225163,1594.04697320263,2044.41398131231,2593.96552886253,3245.04665449311,3990.47732863905,4805.51938771233,5645.69824296152,6445.92586748887,7127.72547595985,7613.33606134401,7841.03298212036,7787.07677811573,7463.16542714391,6916.82727003768,6217.07637527759,5438.27701039885,4646.41931791831,3891.24484720361,3204.53475260436,2603.15439581445,2091.22214812473,1665.01460402974,1316.2614891624,1034.75584339064,810.109305254154,632.133845186481,491.523910930699,380.960350729274,295.087294937524,228.450450782321,176.780580605372,136.617122522106,105.581046115441,81.681278348944,63.131131693333,48.5576855149097,37.3737883735563,28.7940763788523,22.1738880415681
59.4853372422758,83.2790997939136,108.28819637651,140.023320097218,180.903977782703,233.720636502925,301.701031286784,388.10907077246,499.22053926054,640.994169233891,821.147453876102,1048.7316253849,1333.9380647125,1688.6338191083,2124.39840993105,2651.48625824768,3277.48881716617,4003.41516809787,4820.78285317522,5706.94799854688,6621.22614394991,7508.43880164361,8299.54307450514,8921.92380996698,9313.23853399007,9433.22869436348,9272.27567462032,8852.46145544121,8223.24250265478,7449.5491984839,6597.78362546166,5729.20246775581,4890.72853281787,4114.62150970579,3419.63286654339,2813.2244453117,2295.36190780712,1860.56350421976,1499.37335080468,1202.82213013017,961.618047660381,766.718821291372,609.910993442682,484.36164236266,384.07107667559,304.050032436564,240.416420658594,190.182225533855,150.690575403693,119.025966956318,93.8133723942932,74.0139552584181,58.3996009698251
38.6514191410403,53.8964040179688,69.9026319247016,90.0966838032285,116.053693512575,149.559416694078,192.635975413614,247.279219404737,317.739512310259,407.926083695079,522.906616771527,669.26447141521,854.75053023549,1088.69683000877,1382.06467877212,1747.01954866835,2195.98475282704,2740.6782166088,3392.98132256528,4156.09077126211,5026.19659242234,5986.46435231467,7003.34071127296,8024.59504930558,8982.12786782026,9797.59529735675,10393.0029332721,10712.0463831095,10721.2828647772,10425.3900394882,9860.92656945633,9088.96099322548,8182.28773928011,7213.20022291879,6243.4501079462,5317.82122088576,4469.409315379,3714.14369306124,3057.74383325186,2498.03235600646,2028.48893761577,1638.50676598343,1317.74960779115,1056.40742912548,844.805479067558,674.112341420137,537.081360437693,427.308652095233,339.418515099686,269.227013277549,213.630381180224,169.970015918978,134.930154408067
25.3420049948487,36.6341526490639,49.4263922286749,66.316611464705,88.9216160073962,119.278989336625,159.959572328688,214.245809281781,285.388388809832,380.681479692947,507.25419910921,673.733762397692,891.682053601801,1174.64711438705,1538.09790328279,1998.36601889232,2569.39928630913,3260.61070402126,4070.62679803779,4979.63922901435,5944.71907230018,6896.50221352875,7744.51200845868,8391.69097893242,8752.93612044459,8783.97720087498,8487.07347766063,7910.32117547388,7133.34963033765,6246.43320679705,5333.48628318127,4455.71577802288,3655.94321525793,2956.17749816014,2362.03000022768,1869.63141466757,1469.0810705382,1147.03324555151,891.568404180616,690.510213157381,533.424820994336,411.204917795692,316.46613323409,243.062456819849,186.434467430338,143.13807603216,110.111097490119,84.2731668183623,64.3299086100285,49.215028406954,37.7423984627061,28.9200120044052,22.1120795483721
12.0961739212982,17.9755072319233,25.0633717100307,34.8774825296108,48.5884877457801,67.6347139783293,94.0928941149281,130.813982375032,181.431945179758,251.554785139502,348.215971569443,480.847633576733,661.813028409551,907.315718290723,1237.87033609908,1675.9906080436,2244.57111582688,2966.75084063566,3852.6624086658,4891.94406643664,6039.58043637836,7207.77407681202,8268.87205955041,9076.83226684267,9504.01201625306,9487.01161947673,9040.14366491032,8248.64016431525,7239.45552251569,6144.94430298408,5070.10156912606,4087.61029331577,3234.61539948603,2522.34556775375,1944.34074056755,1485.48937515802,1127.32942906575,851.195517645771,640.41014162836,480.210694556032,358.846094991725,267.670438219388,200.058714888995,148.921511510672,110.959440284813,82.5891479029422,61.453845904589,45.7359374040569,34.0200691109859,25.2850813166603,18.8018833389098,14.0010820421397,10.4303160119888
34.9155195907884,48.7872091911867,63.4189238273711,81.918777222427,105.762547938362,136.625654819334,176.228308980171,226.709609607814,291.868520250835,375.334958248914,481.998285453502,617.839478269778,790.058386530976,1007.18381490304,1279.29033776721,1617.55486130925,2032.42436079861,2534.25465500262,3130.44819354293,3822.34674988705,4602.44831948027,5450.51677725893,6330.28282870285,7189.89328679801,7964.99774073066,8586.99939058081,8993.7232063683,9143.88449793745,9024.86703821788,8653.9986895532,8074.92675142612,7347.18426972879,6535.70317124313,5698.91776203109,4883.01745765329,4122.97480390214,3438.04026451522,2837.0928013058,2321.52733383483,1886.92853390151,1524.39904643228,1225.85325487613,982.158376267821,784.810195550715,625.636606696947,497.880674700275,395.514081001118,313.586490032024,248.397418781588,197.033494946126,156.470849539521,123.462111551083,97.5726592149762
19.9267211663821,28.5554560154898,38.0688107777873,50.4796397188641,66.8953868714624,88.6868360578175,117.56979802803,155.742012293027,205.744146465893,271.111736658549,358.006098407268,471.636593747374,619.643487246298,811.526004345303,1058.54910159256,1373.47088320973,1770.27903988856,2261.74543560785,2857.6433120356,3561.17176272297,4362.54865470062,5234.95141867991,6130.34339461209,6979.8931676305,7702.24857301538,8215.2377783105,8455.83173776622,8398.62164927124,8056.40898601688,7478.39602854603,6736.25487101525,5908.34438822465,5062.80327682475,4252.92562995538,3514.08743248694,2864.20718413563,2308.46118635619,1844.55425782457,1463.58390942183,1153.83445774644,905.867590392706,708.711067076226,553.068583649504,430.68546559171,334.885504700209,259.934219421602,201.355676515642,155.861567619269,120.984753758759,94.1419587483479,72.5622357597541,56.0238730180059,43.2970940942138
11.7078836291401,17.7467323975848,25.283596465287,35.9117024840931,51.030491453499,72.6234408513641,103.208027332472,145.86725042112,206.724675192261,292.642194162618,413.3788497689,582.517689224752,817.889743632178,1142.52674795405,1584.59383429015,2176.54139740217,2951.01758969549,3930.07269511515,5113.48544149219,6458.3989341914,7863.22366673484,9165.93214684834,10172.1795717318,10707.6234157999,10681.4687549459,10114.1579540145,9129.04915345783,7896.90426984382,6588.22707515127,5334.41610759001,4216.55314524606,3269.49905889756,2498.41878136433,1887.0516222985,1413.52642071983,1051.81277143636,778.852899444509,574.841124389608,423.147141592733,310.833863357278,227.864762150832,166.968609627629,122.456609786555,89.5013885459953,65.025324637773,47.7686698605102,34.9520392237034,25.5460857178156,18.6734761693545,13.6622236791522,9.98238022901261,7.28610041760623,5.31465702231661
77.7223042782963,105.451934083339,132.200955450833,164.689674989762,204.964539296552,255.061418022121,316.688129532549,393.04225232999,487.161701825344,602.94206808155,744.78727963887,917.641107861308,1127.08634298481,1379.11026858924,1679.70111092142,2034.41672630855,2447.63396705413,2921.32290838994,3453.7108717485,4037.83872804773,4660.08013704686,5299.24830295969,5926.61445113229,6507.34762467966,7003.57671568277,7378.81906105643,7603.48140515401,7660.14914835674,7546.01783542857,7272.93528824508,6865.23561860241,6355.48279519611,5779.39976231059,5171.41870018211,4561.46121057487,3973.07915129986,3422.92207820384,2921.28050771682,2473.15720906557,2079.54232132078,1738.58150868347,1446.59544964349,1198.87959575835,990.330098986411,815.853086097546,670.621917264442,550.232815501346,450.777244288677,368.847267460617,301.507488403776,246.259173020316,200.998703986662,163.967405689801
83.4852150215747,114.957259579468,146.743735769788,186.16364706316,235.97741940542,298.875090768879,377.724662132695,476.973267315968,601.233749948993,756.240466348846,948.584467298553,1185.54973548406,1475.37234922406,1825.97814865,2244.91934399256,2737.4786478924,3305.16444150916,3943.40133173898,4639.159077037,5369.15371657785,6098.53954998552,6783.30499587212,7373.39942582739,7818.23213894169,8078.551895328,8131.47315134476,7974.18243861185,7625.05691822244,7119.34428595903,6502.64085813285,5822.1357726626,5120.91219841948,4435.03957053662,3789.87743866928,3201.94989888913,2679.23948350504,2224.00807269752,1833.9821220871,1503.88607809085,1227.78451885367,998.646636985118,809.874815541262,655.17559604807,529.035029076609,426.474306944104,343.217042759327,275.860966767225,221.843196151469,178.716419426265,143.227048282626,114.800484574952,92.0420001405578,73.8053740427803
69.4428536115175,97.0543239393046,126.274412528411,163.206987159777,210.793355108047,271.818999986972,349.875360244885,449.757723071532,576.847571192879,737.82629788904,940.253953124901,1192.58399038079,1503.94802519366,1882.49733599295,2334.90427026342,2863.64787004377,3464.17349211702,4122.20632026463,4811.77983003812,5493.03667153904,6115.66028120775,6625.39368484539,6969.99604055169,7115.81562777434,7047.81949513925,6777.53177411834,6337.93565321026,5775.40830844414,5141.81973299402,4484.80931500459,3843.09292579488,3243.68839232166,2701.36811194559,2226.88880547239,1819.52860165418,1476.12387194557,1190.6822566373,956.244697179578,764.828337830044,609.658973042238,485.022860098827,385.097481780579,305.415837077486,241.950689377482,191.39801228195,151.094558705599,119.262854165193,94.5921452332495,75.129839006957,58.9856315676674,46.2477410565466,36.4592386122404,28.834181904021
11.4994764286759,16.7283896672848,22.7781588208996,30.9512623579963,42.0678629759527,57.1359068141921,77.4102329922503,105.29382547177,142.861135038817,193.526575984335,261.917277641146,353.806764360231,477.080867022317,641.173553331281,858.375396616117,1143.3127170992,1512.70715455141,1983.12229817618,2569.38518337765,3279.74685685644,4107.29936950544,5024.63140166052,5975.9833314378,6878.62314153296,7629.30451279935,8129.74376162432,8311.79985112641,8151.50530427943,7682.53255615364,6978.76290483286,6134.56305626716,5239.70889938734,4368.84102376011,3570.32708592086,2869.15800212088,2276.40471580458,1787.13892270465,1391.68380185647,1077.04967436638,828.982163441916,635.730525343384,486.051112760398,370.923269391846,282.530360683383,214.979669216379,163.384344638067,123.93798391824,93.9059259313882,71.3490829768938,54.494133608046,41.230905634939,31.1380283494378,23.5684641279479
93.4069981992122,128.95766371549,165.072226910167,210.04711310962,267.044390304905,339.370600896837,430.307322485442,545.258481115784,689.790687387354,871.556144187008,1096.74322538409,1376.98082534474,1721.53846855986,2141.75421554573,2647.48111328806,3247.6129335989,3947.61423685798,4743.87504262861,5624.53689884955,6564.29299447106,7522.61793779638,8444.46704580735,9265.34559719099,9917.73248189423,10342.256130865,10500.3077392093,10380.7869104233,9996.58737390538,9390.84023104541,8621.06407458769,7750.13510522397,6837.85790160907,5934.90393575239,5078.6199370196,4293.66635022075,3593.20692752533,2981.58844148555,2456.66613594148,2012.33822235701,1640.40256355636,1332.22665043196,1078.43065548183,870.937794796502,702.253457096291,565.350203011175,453.956727005098,363.50911574966,291.80718809925,233.828422063389,187.317821704577,149.878577533049,119.845720037797,95.813023963939
34.3477532814186,47.7019112110307,61.5768127287859,78.9733786977805,101.219861586167,129.791757759475,166.256210846697,212.274556754862,271.239880146242,346.175628872367,441.115602868623,560.984008715631,711.560253240308,899.607035119028,1133.41586993354,1420.54042833412,1768.83446301732,2185.46648620124,2674.30518969263,3234.41914401709,3858.19119585326,4526.36029807318,5209.5329164299,5867.81560115416,6450.47865805948,6908.639604873,7198.96478006704,7291.23464343137,7180.93616560914,6880.93982276261,6425.5078776815,5858.73600265751,5228.04655323913,4576.98822199997,3940.99636971954,3346.06762865895,2806.73138474026,2329.90023626383,1918.29747028826,1568.59952858113,1275.52578253242,1032.74188768032,832.902297609646,669.413347112229,536.981050677356,429.831197812878,343.66637565713,274.43836741756,218.900914396252,174.3443734099,138.745494249967,110.627212867297,88.357013929795
10.0271040790532,14.4158790525496,19.3969451010195,26.0266056237244,34.934336753899,46.9052657541742,63.0502389739115,84.9176848868885,113.74476498036,151.872018779087,203.297917373131,272.063465559765,362.961944451021,483.795101346321,642.745548275975,850.856782467587,1120.78668164624,1466.76314993881,1903.76668325396,2444.42206729236,3095.74398219007,3853.72841689378,4697.22578420735,5582.38074867831,6441.34176785142,7187.93293718028,7732.53874018723,8007.00896391349,7974.88288932272,7647.98438646265,7076.6191549031,6339.88808343545,5519.10792479183,4686.62204290931,3897.55030169403,3185.80419107625,2567.56382346839,2045.67852620469,1615.22048040653,1266.47053899763,987.053411851542,766.016337028374,592.538375220517,457.159156395694,352.127201971706,270.614501286447,207.412468397358,158.627996437243,122.352023820357,93.6337145780748,71.6337671140245,54.759193579415,41.7937173576944
53.8370633995351,73.749952282997,93.7917103446071,118.458954986667,149.504926974245,188.693450448031,237.878520994726,299.069095758496,375.973778357047,471.958432006059,591.336842356011,739.088443240961,921.635006869938,1144.68247784903,1415.13788176634,1739.86414463324,2124.38081176934,2572.43680495435,3084.60393091421,3654.59058181074,4269.56058857433,4908.50912943095,5540.96113096461,6127.7455906684,6627.14712605733,6998.64749413932,7209.49768563077,7242.07560118994,7095.48055093926,6786.00111852907,6343.40973075931,5805.70048213092,5212.91213028331,4600.78522905105,4000.3462692688,3433.30997824097,2914.04829617173,2450.1157123331,2043.78822778545,1693.71889440421,1395.8629726617,1145.30920393739,936.228610892603,763.064691006116,620.369574515132,503.336954847434,407.875294743251,330.235739568946,266.974465592799,215.239988292121,173.516445584331,140.211601014795,113.106428267361
19.0146457180466,27.4007296294466,36.7462880390948,49.0160408630271,65.340115273673,87.1215416801241,116.145479865071,154.707892257909,205.657527121305,272.591292227966,361.575493556143,478.212774426719,630.733394141924,828.705232632927,1083.52573973484,1407.87032204647,1813.33754135311,2310.86572385465,2905.49455840175,3591.66277159906,4349.23914911717,5138.60377021196,5901.0624603143,6562.69069449804,7046.09346489873,7291.67335332952,7272.13894196515,6992.81214068327,6497.09550453431,5849.66628726716,5121.56509837295,4377.51902498721,3664.76602438388,3015.50334856836,2446.75857315322,1962.6745574443,1560.09063914028,1230.95254605342,966.227287019021,754.3113572459,587.281997990191,455.887803536177,352.936897095003,272.789152531269,210.989948443533,163.218954344775,125.50232369774,96.5820239987856,74.3509283559147,57.2322620245923,44.0622935055493,33.9042329961932,26.0828176335807
59.0179705828347,82.4004416999416,107.110799847174,138.351295948027,178.625104609008,230.460492580898,296.843293014328,382.190413426471,491.470414593957,631.057611515098,808.745483195706,1033.56144412423,1316.64314209428,1670.1153431955,2107.27143461746,2641.29112749382,3283.02010704509,4038.92417885662,4906.77904867089,5871.72829197133,6901.9182741613,7946.10829128995,8935.83196862036,9789.54496369027,10426.1627743973,10784.0868755873,10824.7057474838,10549.20693921,9993.20340475191,9218.62854809898,8300.90664341317,7315.42966420358,6325.72327248128,5381.91666652885,4516.22255497133,3746.43942349887,3078.26236042062,2509.5288441193,2032.82738368711,1638.21069245903,1314.65927517002,1051.60146201161,839.070908034724,667.747829072092,530.791851499874,421.01664568456,333.720926984907,264.289374420396,209.237593483783,165.555208813727,130.95162271059,103.542128689392,81.7921155685436
65.795775177959,88.0288199363505,108.957916763482,133.871786514188,164.304472540609,201.543161548795,247.087170533792,302.833157012877,370.919749974157,453.001049686645,552.189824400829,672.457180978389,817.042097592846,990.26490273258,1196.07027387889,1439.69256735707,1724.18851967113,2053.3056416523,2428.99819268401,2850.74823073944,3315.42837302073,3815.25297865943,4337.32079231716,4863.51743398663,5371.7228633528,5836.15421664609,6228.41354654334,6522.93016135023,6699.2974216308,6745.52956131291,6659.21419829104,6447.97418164249,6128.81842049272,5725.07127177495,5262.19763745895,4765.06815838467,4257.45828902173,3760.97022919992,3287.50125148147,2846.49171325823,2446.10910723446,2087.77485904356,1771.8370900138,1496.60865361359,1258.80206832465,1054.76179732035,881.594763612895,735.392659559908,612.199467564867,508.228488346633,421.359099252579,349.125627124019,289.016739814717
14.1813399881169,20.1223631593357,26.5685095257072,34.9205797865921,45.932802558217,60.3196831965833,79.2801892315259,103.920245362556,136.399078331378,179.491442527063,235.59428910407,308.31561987999,402.93313887059,525.632557117721,683.613824559141,885.938150685699,1142.9318024724,1465.83229503669,1866.10520791113,2353.71448147893,2934.3672590633,3606.02292912973,4354.64796135117,5150.27896114223,5945.14157296952,6676.0734282293,7272.33643041202,7668.55678180726,7818.45614640515,7707.27086324513,7354.28024166632,6806.10014525488,6125.5467993597,5377.74745781139,4620.10559979246,3896.63072025314,3235.90625609288,2652.86022803714,2151.89644797493,1730.51913854687,1382.03522432089,1097.68342354581,868.03492769515,684.035868104802,537.558138589551,421.545784012571,330.038676737788,258.068136013292,201.592596525483,157.345923409286,122.737044974446,95.6934014601064,74.5858627407816
15.5686032850086,21.9810714328243,28.83515833352,37.6311261357586,49.1114458134817,63.9967592442428,83.3562590264899,108.629756092244,141.75757556097,184.480315077965,239.824722988645,311.254554714689,403.384368660023,521.607889670933,672.379370134656,863.493947021035,1104.23603273104,1404.81865958389,1773.21201044233,2217.41171310649,2741.10992647406,3340.87991372268,4003.38699054511,4701.91453246184,5395.14473303242,6029.96785220956,6547.24754545005,6892.27706728741,7029.28117656693,6943.20456023988,6649.20400196967,6183.97672436861,5599.10415440177,4949.07004076891,4282.95557771193,3640.2756807873,3046.78051782337,2517.40812751116,2059.14748491576,1669.51318509066,1343.60107233455,1075.16813116229,856.656326682287,680.209759430643,538.604228553903,425.642727418343,335.692680425571,264.046338943477,207.236063324659,162.898760331221,127.997648473263,100.558681533769,78.9059598836152
39.8620963799785,54.8465866330181,70.0875032782805,88.9618072508671,112.868070964671,143.269715608126,181.280015433626,229.2787892818,289.878393573104,365.989700033372,461.353590876691,580.305150963672,727.944761565291,910.124853561298,1134.12220920937,1405.41360606429,1730.55704891496,2114.71931172795,2559.90362879806,3064.36040696211,3620.20729157979,4210.04864617128,4809.42061387322,5384.30207558913,5893.9897709927,6299.19636204597,6562.8185247298,6661.12797834704,6587.45619042851,6350.46132685779,5975.57952987432,5497.36610205952,4954.39798851545,4383.63552682437,3817.18383970108,3276.84428655097,2779.59465669793,2333.93555216106,1943.0345152694,1606.5589921073,1320.580006026,1079.82841439563,879.769696995041,714.587271402334,578.967576356348,468.258867827156,378.044817236006,304.427714668254,244.580577896891,196.694625632263,158.283252140527,127.165955169864,102.141521840157
15.5214664188235,23.3120691099836,32.8032528934088,45.9703023396369,64.4108126716176,90.2889986145465,126.577560786148,177.281519426711,247.523383618686,344.664426201085,479.918711349912,665.525985034695,920.288849101954,1265.84741471182,1728.64602071555,2337.63235997261,3119.28226884898,4089.80043034349,5242.2845522511,6531.5608204948,7859.87051705895,9081.65116131191,10022.9624561351,10532.7275107002,10529.8584567354,10027.2649228169,9127.46519476872,7980.57164591399,6739.74868654911,5529.20952082505,4429.51938831484,3482.01881827087,2696.64013829274,2064.42021457261,1566.52236705054,1180.68295588336,885.450619467847,661.555777820272,492.280361072125,366.036064267695,271.595409434329,201.33012414266,149.156957810358,110.428772252176,81.7028894325935,60.4447546759983,44.6829082612251,32.9841632771482,24.3502259485473,18.0446776780735,13.3969867248622,9.89055432320126,7.2286904555781
10.1244823630406,14.8649575671789,20.4774779454425,28.1334687294693,38.6537447231886,53.1083878310975,73.0622904015063,100.774693060587,138.031480124761,188.452088792057,257.619821777626,352.374239309685,479.682356477897,651.291458402319,879.974220829874,1181.55906919044,1573.14257136101,2071.29429757244,2688.89143817515,3425.74668985878,4263.97009571409,5158.31914414581,6033.54741613245,6790.10440245582,7323.92824231332,7558.97354351307,7459.35333580223,7050.97139579952,6405.36153626795,5615.50465721991,4773.72362168102,3954.50073126777,3206.62680390526,2556.00109634954,2008.46326115603,1561.86900535742,1204.03199090109,922.25299467861,702.971986078413,533.905793446419,404.114377476784,304.994778893334,230.151135236305,173.627118438561,130.443513598208,98.0958373377795,73.7810390221072,55.4819061285991,41.7161022997405,31.3085929264808,23.403017270697,17.4922492229423,13.2301376795882
47.2167033058162,64.5364245278373,81.8405931775798,103.106268796522,129.782840736744,163.144949334093,205.326089370249,258.07411299463,323.893365408515,405.971555138156,507.933639113377,634.412539679659,791.03711657264,981.616284685678,1214.74737042917,1496.11419045687,1832.75899475738,2229.54595685981,2689.57851883841,3212.24366968383,3791.34907641659,4414.1826748797,5059.53262153651,5693.77415574781,6280.20930209267,6777.39539987751,7145.51375489429,7353.3187311443,7383.21715422624,7234.33255918119,6924.81995453719,6482.04520832774,5943.59148860682,5347.77976081721,4731.56958011349,4125.07591841255,3550.37039926246,3022.27724246546,2548.85162311401,2132.81622636205,1772.81774147071,1465.37408572113,1205.93161952818,988.699094786857,808.113272948791,659.016025677191,536.302262249185,435.820146172182,353.74093879858,286.658775748214,231.827917258895,187.18965161552,151.665928565276
67.0712455111276,92.4862175432599,118.20704181089,150.194976304321,190.698790222695,242.077548826218,306.666153380928,388.360687114804,491.210309638909,620.291442211829,781.935835791309,983.493973704807,1232.65204505804,1539.27491898429,1913.61578715762,2364.05714547605,2899.61370040296,3524.88452255347,4239.26703262975,5033.52926636391,5887.69672348353,6768.30271643311,7626.99873386641,8407.40042837619,9048.73101404299,9494.9252637454,9705.1435977669,9661.07121498364,9371.07897135438,8867.09279163524,8197.18381243212,7418.67213194285,6586.98845321556,5750.84238886735,4947.60145697499,4203.62896414313,3533.67158260419,2944.13935105718,2434.80098692101,2001.25604454175,1636.64571439862,1332.95221214935,1082.14827643372,876.34453681682,707.964483589861,570.407670310755,458.735910916035,369.201102890471,297.276200265646,238.337511409803,191.204613218604,153.314720006181,122.912751849296
37.8159598646944,52.9611408006556,69.0688892265955,89.5095271636792,115.938443572272,150.094062871921,193.971320372224,250.589895834823,323.347141405373,416.76605973031,535.844243424559,687.471876113753,878.870099253391,1119.13133458927,1418.03284443175,1784.82087238054,2228.08668579849,2753.10040348729,3359.72897097778,4038.80351446917,4768.75423463569,5514.59657434177,6227.45827063753,6847.32270361895,7317.27172604882,7587.77134604277,7631.20484443371,7446.04353011697,7056.9234957106,6508.4191353511,5856.04511798296,5153.54298528068,4448.47024032365,3776.82262265509,3161.89023571464,2616.19188741505,2143.86380750555,1742.88209282821,1407.84209937894,1131.27313863804,905.319358158911,722.321735115038,574.856707305869,456.130568808924,360.902613920627,285.592299487163,225.792772798151,178.439371473975,140.883912748449,111.233864365718,87.8983153676494,69.3845618069833,54.5337753811796
17.3966261914551,24.3794798153988,31.6992260411235,40.9669023792918,52.9405714309772,68.48007509516,88.3881252950266,113.885358837011,146.875460010134,189.293673238465,243.767539109618,313.53244394089,402.616204388097,515.93625676993,659.681843426937,841.190202054509,1068.04160544194,1348.67462243634,1692.30646488384,2106.77801894802,2597.18014736586,3163.38798816246,3797.53916427518,4480.77123560892,5181.59612239594,5856.28818141707,6452.16680471323,6914.2757151822,7195.79709039515,7268.19151264213,7126.58650137726,6790.24500049446,6297.946847137,5699.02504358857,5044.29620780048,4378.94505594765,3738.2142025381,3146.04203238583,2616.07261426309,2153.75307978584,1758.61763243191,1426.37526628091,1150.6200063778,924.122195281876,739.618093247248,590.294790564754,470.063656383264,373.650820167105,296.59296829927,235.166185051249,186.298476800691,147.48251720434,116.689213615768
14.6422641962882,20.7581837626284,27.3573233465508,35.8614846298202,47.0039738904165,61.6584485749191,81.0016326727945,106.025728009167,138.269319123702,180.824397308654,236.147080181374,308.079620885263,401.316678487063,521.45437613911,675.739757377545,872.418906266048,1120.59175880512,1430.62864654995,1812.8580523438,2274.47532241386,2818.94714779353,3441.66715592205,4126.80127818972,4843.87287630003,5546.45802027709,6176.60432721345,6671.90709787305,6977.07153211116,7059.58070015506,6911.39076687382,6555.48739842897,6036.72693611061,5411.06604073958,4736.31031962916,4060.01406281953,3419.77200492094,2837.80404113559,2325.70771726593,1887.84465956636,1519.69836791528,1215.07216625591,966.416141903081,765.670518738201,604.711157113095,476.36245602883,374.189445149687,293.161055144828,229.618380313546,180.089196285173,140.840465734462,110.032580701404,85.9022558877628,67.0411323033498
91.9372884916268,126.775748096118,162.037702427575,205.875626737254,261.339437964655,331.618885636863,419.819939333715,531.1245180097,670.816936912542,845.416894547532,1062.88569695447,1332.20942749671,1662.50396620704,2064.35788423686,2546.79343751816,3118.06027787865,3781.5396201911,4534.14393173595,5364.15045660106,6245.86676875163,7141.73808055231,7999.50149454511,8758.88139382483,9358.10774667445,9742.90876121456,9878.50221484933,9754.42617076244,9386.66470917692,8814.13994034623,8090.80031319398,7274.50511306385,6420.74907215238,5576.30447720809,4775.13560948118,4040.93366160657,3385.27998857546,2811.62359749806,2319.43131642747,1902.15438682548,1552.64208767405,1262.41157972456,1023.47260607896,827.94578861751,668.353662174696,537.937078458106,432.601927119049,347.628369701771,279.025516665519,223.852789309973,179.532348033205,143.905668186731,115.311793413933,92.360300280133
10.087353641173,14.6924869794557,20.0543660028007,27.2973730825357,37.1611859354961,50.5885550782999,68.962168227243,94.3178674091043,128.041548734973,173.501755987284,235.349552629171,319.830735158896,432.942749717312,585.41932311701,789.336508597052,1060.5573366078,1418.14111729465,1884.02359394032,2481.69019195043,3235.12135954591,4156.87969086503,5245.30010191308,6471.85635405915,7770.78438070272,9036.3966449798,10132.0220458647,10915.3661394578,11278.247523989,11170.2329295354,10620.1334633845,9720.02775278707,8596.11169200021,7378.37415473748,6173.51913804389,5056.86337667101,4071.08165270552,3232.22204923529,2537.8979058259,1975.57297597285,1527.38829753145,1174.84236980267,900.27295095921,687.460086549804,523.279191228427,398.072206468503,302.407708156354,229.348741660956,173.819215980318,131.666260804316,99.7584056350101,75.5447709529051,57.2004428555851,43.2733804933229
